{
    "Plugins": [
        {
            "Info": {
                "Types": {
                    "OmniAssetFileFormat": {
                        "bases": [
                            "SdfFileFormat"
                        ],
                        "displayName": "Omniverse Asset File Format",
                        "extensions": [
                            "fbx",
                            "FBX",
                            "obj",
                            "OBJ",
                            "gltf",
                            "glb",
                            "md5",
                            "lxo"
                        ],
                        "formatId": "omniasset",
                        "primary": true,
                        "target": "usd"
                    }
                }
            },
            "LibraryPath": "./libomniverse_asset_converter_usd_plugin.so",
            "Name": "OmniAsset",
            "ResourcePath": "resources",
            "Root": "..",
            "Type": "library"
        }
    ]
}
